{
  "images" : [
    {
      "extent" : "full-screen",
      "idiom" : "iphone",
      "subtype" : "736h",
      "filename" : "portrait-ios-8,9-Retina-HD-5.5.png",
      "minimum-system-version" : "8.0",
      "orientation" : "portrait",
      "scale" : "3x"
    },
    {
      "extent" : "full-screen",
      "idiom" : "iphone",
      "subtype" : "736h",
      "filename" : "Landscape-ios-8,9-Retina-HD-5.5.png",
      "minimum-system-version" : "8.0",
      "orientation" : "landscape",
      "scale" : "3x"
    },
    {
      "extent" : "full-screen",
      "idiom" : "iphone",
      "subtype" : "667h",
      "filename" : "portrait-ios-8,9-Retina-HD-4.7.png",
      "minimum-system-version" : "8.0",
      "orientation" : "portrait",
      "scale" : "2x"
    },
    {
      "orientation" : "portrait",
      "idiom" : "iphone",
      "filename" : "portrait-ios-7-9-2x.png",
      "extent" : "full-screen",
      "minimum-system-version" : "7.0",
      "scale" : "2x"
    },
    {
      "extent" : "full-screen",
      "idiom" : "iphone",
      "subtype" : "retina4",
      "filename" : "portrait-ios-7-9-Retina-4.png",
      "minimum-system-version" : "7.0",
      "orientation" : "portrait",
      "scale" : "2x"
    },
    {
      "orientation" : "portrait",
      "idiom" : "iphone",
      "filename" : "portrait-ios-5,6-1x.png",
      "extent" : "full-screen",
      "scale" : "1x"
    },
    {
      "orientation" : "portrait",
      "idiom" : "iphone",
      "filename" : "portrait-ios-5,6-2x.png",
      "extent" : "full-screen",
      "scale" : "2x"
    },
    {
      "orientation" : "portrait",
      "idiom" : "iphone",
      "filename" : "portrait-ios-5,6-Retina-4.png",
      "extent" : "full-screen",
      "subtype" : "retina4",
      "scale" : "2x"
    }
  ],
  "info" : {
    "version" : 1,
    "author" : "xcode"
  }
}